{
  "1970sShirt": {"amp": [0.76, 0.88, 0.37], "freq": [1.0, 1.0, 1.0], "offset": [0.93, 0.97, 0.52], "phase": [0.21, 0.41, 0.56]},
  "5g": {"amp": [0.56851584, 0.7740668, 0.23485267], "freq": [1.0, 1.0, 1.0], "offset": [0.5, 0.5, 0.5], "phase": [0.727029, 0.08039695, 0.10427457]},
  "afterimage": {"amp": [0.5, 0.5, 0.5], "freq": [1.0, 1.0, 1.0], "offset": [0.5, 0.5, 0.5], "phase": [0.3, 0.2, 0.2]},
  "barstow": {"amp": [0.45, 0.2, 0.1], "freq": [1.0, 1.0, 1.0], "offset": [0.7, 0.2, 0.2], "phase": [0.5, 0.4, 0.0]},
  "bloob": {"amp": [0.09, 0.59, 0.48], "freq": [1.0, 1.0, 1.0], "offset": [0.2, 0.31, 0.98], "phase": [0.88, 0.4, 0.33]},
  "blueSkies": {"amp": [0.5, 0.5, 0.5], "freq": [1.0, 1.0, 1.0], "offset": [0.1, 0.4, 0.7], "phase": [0.1, 0.1, 0.1]},
  "brushedMetal": {"amp": [0.5, 0.5, 0.5], "freq": [1.0, 1.0, 1.0], "offset": [0.5, 0.5, 0.5], "phase": [0.0, 0.1, 0.2]},
  "burningSky": {"amp": [0.7259015, 0.7004237, 0.9494409], "freq": [1.0, 1.0, 1.0], "offset": [0.63290054, 0.37883538, 0.29405284], "phase": [0.0, 0.1, 0.2]},
  "california": {"amp": [0.94, 0.33, 0.27], "freq": [1.0, 1.0, 1.0], "offset": [0.74, 0.37, 0.73], "phase": [0.44, 0.17, 0.88]},
  "columbia": {"amp": [1.0, 0.7, 1.0], "freq": [1.0, 1.0, 1.0], "offset": [1.0, 0.4, 0.9], "phase": [0.4, 0.5, 0.6]},
  "cottonCandy": {"amp": [0.51, 0.39, 0.41], "freq": [1.0, 1.0, 1.0], "offset": [0.59, 0.53, 0.94], "phase": [0.15, 0.41, 0.46]},
  "darkSatin": {"amp": [0.0, 0.0, 0.51], "freq": [1.0, 1.0, 1.0], "offset": [0.0, 0.0, 0.43], "phase": [0.0, 0.0, 0.36]},
  "dealerHat": {"amp": [0.83, 0.45, 0.19], "freq": [1.0, 1.0, 1.0], "offset": [0.79, 0.45, 0.35], "phase": [0.28, 0.91, 0.61]},
  "dreamy": {"amp": [0.5, 0.5, 0.5], "freq": [1.0, 1.0, 1.0], "offset": [0.5, 0.5, 0.5], "phase": [0.0, 0.2, 0.25]},
  "eventHorizon": {"amp": [0.5, 0.5, 0.5], "freq": [1.0, 1.0, 1.0], "offset": [0.22, 0.48, 0.62], "phase": [0.1, 0.3, 0.2]},
  "ghostly": {"amp": [0.02, 0.92, 0.76], "freq": [1.0, 1.0, 1.0], "offset": [0.51, 0.49, 0.51], "phase": [0.71, 0.23, 0.66]},
  "grayscale": {"amp": [0.5, 0.5, 0.5], "freq": [2.0, 2.0, 2.0], "offset": [0.5, 0.5, 0.5], "phase": [1.0, 1.0, 1.0]},
  "hazySunset": {"amp": [0.79, 0.56, 0.22], "freq": [1.0, 1.0, 1.0], "offset": [0.96, 0.5, 0.49], "phase": [0.15, 0.98, 0.87]},
  "heatmap": {"amp": [0.75804377, 0.62868536, 0.2227562], "freq": [1.0, 1.0, 1.0], "offset": [0.35536355, 0.12935615, 0.17060602], "phase": [0.0, 0.25, 0.5]},
  "hypercolor": {"amp": [0.79, 0.5, 0.23], "freq": [1.0, 1.0, 1.0], "offset": [0.75, 0.47, 0.45], "phase": [0.08, 0.84, 0.16]},
  "jester": {"amp": [0.7, 0.81, 0.73], "freq": [1.0, 1.0, 1.0], "offset": [0.1, 0.22, 0.27], "phase": [0.99, 0.12, 0.94]},
  "justBlue": {"amp": [0.5, 0.5, 0.5], "freq": [0.0, 0.0, 1.0], "offset": [0.5, 0.5, 0.5], "phase": [0.5, 0.5, 0.5]},
  "justCyan": {"amp": [0.5, 0.5, 0.5], "freq": [0.0, 1.0, 1.0], "offset": [0.5, 0.5, 0.5], "phase": [0.5, 0.5, 0.5]},
  "justGreen": {"amp": [0.5, 0.5, 0.5], "freq": [0.0, 1.0, 0.0], "offset": [0.5, 0.5, 0.5], "phase": [0.5, 0.5, 0.5]},
  "justPurple": {"amp": [0.5, 0.5, 0.5], "freq": [1.0, 0.0, 1.0], "offset": [0.5, 0.5, 0.5], "phase": [0.5, 0.5, 0.5]},
  "justRed": {"amp": [0.5, 0.5, 0.5], "freq": [1.0, 0.0, 0.0], "offset": [0.5, 0.5, 0.5], "phase": [0.5, 0.5, 0.5]},
  "justYellow": {"amp": [0.5, 0.5, 0.5], "freq": [1.0, 1.0, 0.0], "offset": [0.5, 0.5, 0.5], "phase": [0.5, 0.5, 0.5]},
  "mars": {"amp": [0.74, 0.33, 0.09], "freq": [1.0, 1.0, 1.0], "offset": [0.62, 0.2, 0.2], "phase": [0.2, 0.1, 0.0]},
  "modesto": {"amp": [0.56, 0.68, 0.39], "freq": [1.0, 1.0, 1.0], "offset": [0.72, 0.07, 0.62], "phase": [0.25, 0.4, 0.41]},
  "moss": {"amp": [0.78, 0.39, 0.07], "freq": [1.0, 1.0, 1.0], "offset": [0.0, 0.53, 0.33], "phase": [0.94, 0.92, 0.9]},
  "neptune": {"amp": [0.5, 0.5, 0.5], "freq": [1.0, 1.0, 1.0], "offset": [0.2, 0.64, 0.62], "phase": [0.15, 0.2, 0.3]},
  "netOfGems": {"amp": [0.5, 0.5, 0.5], "freq": [1.0, 1.0, 1.0], "offset": [0.64, 0.12, 0.84], "phase": [0.1, 0.25, 0.15]},
  "none": {"amp": [0.5, 0.5, 0.5], "freq": [2.0, 2.0, 2.0], "offset": [0.5, 0.5, 0.5], "phase": [1.0, 1.0, 1.0]},
  "organic": {"amp": [0.42, 0.42, 0.04], "freq": [1.0, 1.0, 1.0], "offset": [0.47, 0.27, 0.27], "phase": [0.41, 0.14, 0.11]},
  "papaya": {"amp": [0.65, 0.4, 0.11], "freq": [1.0, 1.0, 1.0], "offset": [0.72, 0.45, 0.08], "phase": [0.71, 0.8, 0.84]},
  "radioactive": {"amp": [0.62, 0.79, 0.11], "freq": [1.0, 1.0, 1.0], "offset": [0.22, 0.56, 0.17], "phase": [0.15, 0.1, 0.25]},
  "royal": {"amp": [0.5, 0.5, 0.5], "freq": [1.0, 1.0, 1.0], "offset": [0.41, 0.22, 0.67], "phase": [0.2, 0.25, 0.2]},
  "santaCruz": {"amp": [0.5, 0.5, 0.5], "freq": [1.0, 1.0, 1.0], "offset": [0.5, 0.5, 0.5], "phase": [0.25, 0.5, 0.75]},
  "sherbet": {"amp": [0.6059281, 0.17591387, 0.17166573], "freq": [1.0, 1.0, 1.0], "offset": [0.5224456, 0.3864609, 0.36020845], "phase": [0.0, 0.25, 0.5]},
  "sherbetDouble": {"amp": [0.6059281, 0.17591387, 0.17166573], "freq": [2.0, 2.0, 2.0], "offset": [0.5224456, 0.3864609, 0.36020845], "phase": [0.0, 0.25, 0.5]},
  "silvermane": {"amp": [0.42, 0.0, 0.0], "freq": [2.0, 2.0, 2.0], "offset": [0.45, 0.5, 0.42], "phase": [0.63, 1.0, 1.0]},
  "skykissed": {"amp": [0.5, 0.5, 0.5], "freq": [1.0, 1.0, 1.0], "offset": [0.83, 0.6, 0.63], "phase": [0.3, 0.1, 0.0]},
  "solaris": {"amp": [0.5, 0.5, 0.5], "freq": [1.0, 1.0, 1.0], "offset": [0.6, 0.4, 0.1], "phase": [0.3, 0.2, 0.1]},
  "spooky": {"amp": [0.46, 0.73, 0.19], "freq": [1.0, 1.0, 1.0], "offset": [0.27, 0.79, 0.78], "phase": [0.27, 0.16, 0.04]},
  "springtime": {"amp": [0.67, 0.25, 0.27], "freq": [1.0, 1.0, 1.0], "offset": [0.74, 0.48, 0.46], "phase": [0.07, 0.79, 0.39]},
  "sproingtime": {"amp": [0.9, 0.43, 0.34], "freq": [1.0, 1.0, 1.0], "offset": [0.56, 0.69, 0.32], "phase": [0.03, 0.8, 0.4]},
  "sulphur": {"amp": [0.73, 0.36, 0.52], "freq": [1.0, 1.0, 1.0], "offset": [0.78, 0.68, 0.15], "phase": [0.74, 0.93, 0.28]},
  "summoning": {"amp": [1.0, 0.0, 0.8], "freq": [1.0, 1.0, 1.0], "offset": [0.0, 0.0, 0.0], "phase": [0.0, 0.5, 0.1]},
  "superhero": {"amp": [1.0, 0.25, 0.5], "freq": [0.5, 0.5, 0.5], "offset": [0.0, 0.0, 0.25], "phase": [0.5, 0.0, 0.0]},
  "toxic": {"amp": [0.5, 0.5, 0.5], "freq": [1.0, 1.0, 1.0], "offset": [0.26, 0.57, 0.03], "phase": [0.0, 0.1, 0.3]},
  "tropicalia": {"amp": [0.28, 0.08, 0.65], "freq": [1.0, 1.0, 1.0], "offset": [0.48, 0.6, 0.03], "phase": [0.1, 0.15, 0.3]},
  "tungsten": {"amp": [0.65, 0.93, 0.73], "freq": [1.0, 1.0, 1.0], "offset": [0.31, 0.21, 0.27], "phase": [0.43, 0.45, 0.48]},
  "vaporwave": {"amp": [0.9, 0.76, 0.63], "freq": [1.0, 1.0, 1.0], "offset": [0.0, 0.19, 0.68], "phase": [0.43, 0.23, 0.32]},
  "vibrant": {"amp": [0.78, 0.63, 0.68], "freq": [1.0, 1.0, 1.0], "offset": [0.41, 0.03, 0.16], "phase": [0.81, 0.61, 0.06]},
  "vintage": {"amp": [0.97, 0.74, 0.23], "freq": [1.0, 1.0, 1.0], "offset": [0.97, 0.38, 0.35], "phase": [0.34, 0.41, 0.44]},
  "vintagePhoto": {"amp": [0.68, 0.79, 0.57], "freq": [1.0, 1.0, 1.0], "offset": [0.56, 0.35, 0.14], "phase": [0.73, 0.9, 0.99]}
}
